"","rollno","sname","gender","age","course","marks1","marks2","passfail"
"1",1,"Student_1","F",27,"btech",72,48.02,1
"2",2,"Student_2","F",21,"btech",74,62.31,1
"3",3,"Student_3","F",23,"mtech",62,59.61,1
"4",4,"Student_4","F",24,"btech",61,77.29,1
"5",5,"Student_5","F",27,"btech",57,73.4,0
"6",6,"Student_6","M",23,"mtech",51,80.22,1
"7",7,"Student_7","F",28,"phd",59,78.04,0
"8",8,"Student_8","F",23,"mtech",58,58.18,1
"9",9,"Student_9","F",26,"btech",61,57.76,0
"10",10,"Student_10","M",22,"mtech",74,65.71,0
"11",11,"Student_11","F",27,"btech",78,76.09,1
"12",12,"Student_12","M",29,"phd",72,74.94,1
"13",13,"Student_13","M",23,"btech",64,67.42,1
"14",14,"Student_14","F",21,"btech",48,77.89,0
"15",15,"Student_15","F",24,"btech",70,81.03,0
"16",16,"Student_16","F",21,"btech",78,74.16,1
"17",17,"Student_17","F",27,"btech",88,69.15,1
"18",18,"Student_18","F",23,"phd",57,67.62,1
"19",19,"Student_19","F",24,"btech",49,68.28,0
"20",20,"Student_20","F",24,"phd",60,67.37,1
"21",21,"Student_21","M",26,"phd",76,81.01,1
"22",22,"Student_22","F",25,"mtech",74,60.24,1
"23",23,"Student_23","F",26,"btech",77,67.77,1
"24",24,"Student_24","M",22,"btech",73,81.19,0
"25",25,"Student_25","F",25,"phd",57,79.93,0
"26",26,"Student_26","F",21,"btech",57,66.28,0
"27",27,"Student_27","M",20,"btech",54,71.91,1
"28",28,"Student_28","F",22,"btech",72,63.16,1
"29",29,"Student_29","F",22,"phd",50,72.05,1
"30",30,"Student_30","F",23,"btech",53,58.66,1
"31",31,"Student_31","M",27,"btech",75,70.7,1
"32",32,"Student_32","F",29,"btech",23,67.07,0
"33",33,"Student_33","F",23,"btech",66,62.47,1
"34",34,"Student_34","M",25,"btech",64,73.04,1
"35",35,"Student_35","F",28,"btech",77,86.23,1
"36",36,"Student_36","F",23,"mtech",59,58.18,1
"37",37,"Student_37","F",28,"btech",59,75.06,0
"38",38,"Student_38","F",23,"btech",71,68.84,1
"39",39,"Student_39","F",26,"mtech",60,64.68,1
"40",40,"Student_40","F",23,"mtech",63,62.5,0
"41",41,"Student_41","F",24,"mtech",51,75.63,1
"42",42,"Student_42","M",26,"btech",83,64.58,0
"43",43,"Student_43","M",28,"btech",64,72.64,1
"44",44,"Student_44","M",25,"btech",66,61.39,1
"45",45,"Student_45","F",23,"mtech",56,66.67,1
"46",46,"Student_46","F",23,"btech",62,52.29,1
"47",47,"Student_47","F",23,"btech",73,84.92,0
"48",48,"Student_48","M",29,"btech",57,59.15,1
"49",49,"Student_49","F",24,"btech",57,82.62,1
"50",50,"Student_50","M",29,"btech",55,75.44,1
"51",51,"Student_51","M",21,"mtech",78,70.28,1
"52",52,"Student_52","M",29,"btech",55,63.2,0
"53",53,"Student_53","M",29,"btech",65,77.85,0
"54",54,"Student_54","M",29,"mtech",78,61.43,1
"55",55,"Student_55","M",23,"btech",62,70.19,0
"56",56,"Student_56","F",23,"btech",87,74.22,0
"57",57,"Student_57","M",27,"btech",72,68.99,0
"58",58,"Student_58","F",22,"btech",71,55.68,0
"59",59,"Student_59","F",28,"btech",62,71.83,1
"60",60,"Student_60","F",26,"btech",68,70.89,1
"61",61,"Student_61","M",20,"btech",64,74.18,1
"62",62,"Student_62","M",21,"phd",60,78.13,0
"63",63,"Student_63","F",23,"mtech",90,63.95,0
"64",64,"Student_64","F",20,"phd",67,65.35,1
"65",65,"Student_65","F",24,"btech",57,78.74,1
"66",66,"Student_66","F",28,"btech",79,78.25,0
"67",67,"Student_67","M",28,"btech",70,60.14,1
"68",68,"Student_68","M",26,"btech",70,74.87,1
"69",69,"Student_69","F",22,"btech",50,78.05,0
"70",70,"Student_70","F",21,"btech",89,70.3,0
"71",71,"Student_71","F",23,"mtech",67,80.28,0
"72",72,"Student_72","M",28,"btech",51,68.1,0
"73",73,"Student_73","M",23,"btech",57,66.05,1
"74",74,"Student_74","M",22,"btech",65,68.47,0
"75",75,"Student_75","F",23,"btech",61,67.48,1
"76",76,"Student_76","F",23,"btech",59,67.57,1
"77",77,"Student_77","F",26,"mtech",73,69.32,0
"78",78,"Student_78","M",27,"btech",63,72.65,1
"79",79,"Student_79","F",29,"mtech",55,75.91,0
"80",80,"Student_80","F",23,"btech",52,70.84,1
"81",81,"Student_81","M",20,"btech",56,66.24,0
"82",82,"Student_82","F",22,"btech",48,67.28,1
"83",83,"Student_83","M",28,"btech",52,69.32,1
"84",84,"Student_84","M",21,"mtech",64,82.79,1
"85",85,"Student_85","M",26,"btech",54,73.78,1
"86",86,"Student_86","M",24,"btech",76,74.87,1
"87",87,"Student_87","F",20,"mtech",71,74.37,1
"88",88,"Student_88","F",25,"mtech",87,65.33,0
"89",89,"Student_89","F",21,"mtech",59,77.71,0
"90",90,"Student_90","F",28,"btech",51,75.38,0
"91",91,"Student_91","F",20,"btech",76,60.3,0
"92",92,"Student_92","F",22,"btech",59,81.98,1
"93",93,"Student_93","F",24,"btech",69,68.77,1
"94",94,"Student_94","F",26,"btech",65,73.28,0
"95",95,"Student_95","M",27,"btech",83,79.06,1
"96",96,"Student_96","M",21,"btech",66,61.22,1
"97",97,"Student_97","F",25,"phd",66,76.62,0
"98",98,"Student_98","M",23,"btech",54,77.23,0
"99",99,"Student_99","F",25,"btech",56,61.29,1
"100",100,"Student_100","F",26,"btech",73,73.21,1
"101",101,"Student_101","F",29,"mtech",66,70.64,1
"102",102,"Student_102","F",28,"btech",59,71.14,0
"103",103,"Student_103","M",20,"mtech",61,72.93,0
"104",104,"Student_104","M",25,"btech",76,59.02,1
"105",105,"Student_105","F",24,"btech",60,56.98,1
"106",106,"Student_106","M",24,"btech",83,86.87,0
"107",107,"Student_107","M",25,"btech",61,80.73,1
"108",108,"Student_108","F",23,"mtech",73,58.58,0
"109",109,"Student_109","M",22,"mtech",57,68.19,0
"110",110,"Student_110","M",24,"phd",71,64.09,1
"111",111,"Student_111","F",23,"btech",59,79.51,0
"112",112,"Student_112","M",22,"mtech",54,67.38,1
"113",113,"Student_113","M",25,"mtech",77,65.91,0
"114",114,"Student_114","F",28,"btech",66,64.87,0
"115",115,"Student_115","M",26,"btech",81,65.01,1
"116",116,"Student_116","F",23,"mtech",79,63.69,0
"117",117,"Student_117","F",28,"btech",62,74.67,0
"118",118,"Student_118","F",29,"btech",77,70.83,1
"119",119,"Student_119","F",27,"btech",84,62.43,0
"120",120,"Student_120","M",22,"mtech",63,76.64,1
"121",121,"Student_121","F",20,"mtech",49,75.75,1
"122",122,"Student_122","F",20,"btech",79,86.2,1
"123",123,"Student_123","F",29,"btech",52,65.36,1
"124",124,"Student_124","F",24,"btech",54,69.23,0
"125",125,"Student_125","F",23,"btech",38,81.81,1
"126",126,"Student_126","F",25,"btech",41,55.86,0
"127",127,"Student_127","M",23,"btech",62,68.05,1
"128",128,"Student_128","M",29,"btech",73,64.02,1
"129",129,"Student_129","F",23,"mtech",55,61.36,1
"130",130,"Student_130","M",29,"mtech",49,76.75,1
"131",131,"Student_131","F",20,"btech",68,73.95,0
"132",132,"Student_132","F",23,"btech",64,79.81,1
"133",133,"Student_133","M",27,"btech",67,63.53,1
"134",134,"Student_134","M",27,"btech",46,71.49,1
"135",135,"Student_135","F",22,"phd",69,74.52,0
"136",136,"Student_136","M",29,"mtech",71,80.23,0
"137",137,"Student_137","F",20,"btech",67,87.41,0
"138",138,"Student_138","F",25,"mtech",54,65.72,1
"139",139,"Student_139","F",24,"mtech",67,74.14,1
"140",140,"Student_140","F",28,"phd",64,72.09,1
"141",141,"Student_141","M",25,"mtech",73,69.35,1
"142",142,"Student_142","M",24,"btech",49,56.91,0
"143",143,"Student_143","F",28,"btech",58,73.96,1
"144",144,"Student_144","M",23,"btech",51,60.02,1
"145",145,"Student_145","M",20,"btech",69,84.39,1
"146",146,"Student_146","F",27,"btech",68,68.96,0
"147",147,"Student_147","F",22,"phd",65,59.38,0
"148",148,"Student_148","F",27,"phd",59,89.8,0
"149",149,"Student_149","M",23,"btech",57,81.45,0
"150",150,"Student_150","M",25,"phd",67,77.76,1
"151",151,"Student_151","F",28,"btech",77,60.25,0
"152",152,"Student_152","F",26,"btech",45,74.21,0
"153",153,"Student_153","M",25,"btech",88,87.24,1
"154",154,"Student_154","F",24,"btech",71,77.06,1
"155",155,"Student_155","F",28,"mtech",51,61.56,0
"156",156,"Student_156","M",24,"phd",78,64.03,1
"157",157,"Student_157","M",28,"btech",63,62.19,1
"158",158,"Student_158","F",25,"mtech",68,55.63,0
"159",159,"Student_159","F",24,"btech",55,73.41,1
"160",160,"Student_160","M",20,"btech",75,55.21,1
"161",161,"Student_161","M",28,"btech",66,63.69,0
"162",162,"Student_162","M",27,"btech",71,81.03,0
"163",163,"Student_163","F",23,"btech",66,71.62,1
"164",164,"Student_164","F",27,"btech",60,80.53,0
"165",165,"Student_165","M",29,"mtech",66,67.51,1
"166",166,"Student_166","F",23,"btech",53,81.04,0
"167",167,"Student_167","M",29,"btech",61,61.1,1
"168",168,"Student_168","F",27,"btech",77,74.19,1
"169",169,"Student_169","M",28,"btech",76,53.3,1
"170",170,"Student_170","F",20,"btech",69,68.2,1
"171",171,"Student_171","F",25,"btech",76,68.07,0
"172",172,"Student_172","M",28,"btech",66,65.76,0
"173",173,"Student_173","F",20,"mtech",57,60.13,0
"174",174,"Student_174","F",24,"btech",43,67.64,1
"175",175,"Student_175","F",28,"btech",60,68.92,1
"176",176,"Student_176","M",28,"btech",81,79.62,1
"177",177,"Student_177","F",23,"phd",83,71.93,1
"178",178,"Student_178","F",29,"btech",71,78.62,0
"179",179,"Student_179","F",21,"btech",50,68.65,1
"180",180,"Student_180","F",27,"btech",81,66.14,0
"181",181,"Student_181","F",27,"btech",78,70.63,0
"182",182,"Student_182","M",25,"mtech",70,71.02,1
"183",183,"Student_183","M",20,"btech",58,67.95,1
"184",184,"Student_184","F",20,"mtech",89,71.69,1
"185",185,"Student_185","F",25,"btech",60,66.51,0
"186",186,"Student_186","F",26,"phd",62,79.72,0
"187",187,"Student_187","F",22,"btech",63,71.61,0
"188",188,"Student_188","F",27,"mtech",55,67.66,1
"189",189,"Student_189","F",26,"btech",60,77.8,1
"190",190,"Student_190","F",23,"mtech",48,69.03,0
"191",191,"Student_191","F",28,"phd",69,62.46,0
"192",192,"Student_192","M",25,"btech",60,76.36,1
"193",193,"Student_193","M",29,"mtech",79,57.16,0
"194",194,"Student_194","F",26,"mtech",71,70.55,1
"195",195,"Student_195","M",21,"btech",73,65.57,1
"196",196,"Student_196","F",27,"btech",80,62.98,0
"197",197,"Student_197","F",29,"btech",53,63.94,1
"198",198,"Student_198","F",27,"phd",73,79.28,1
"199",199,"Student_199","M",26,"btech",72,83.26,1
"200",200,"Student_200","M",25,"btech",61,61.35,1
"201",201,"Student_201","F",22,"btech",60,78.5,0
"202",202,"Student_202","M",27,"btech",58,68.35,1
"203",203,"Student_203","M",26,"btech",67,70.8,0
"204",204,"Student_204","F",21,"phd",74,60.61,1
"205",205,"Student_205","M",28,"btech",65,79.86,1
"206",206,"Student_206","F",20,"mtech",55,71.2,1
"207",207,"Student_207","F",29,"btech",50,93.68,1
"208",208,"Student_208","F",21,"btech",71,64.29,1
"209",209,"Student_209","M",26,"mtech",52,76.8,1
"210",210,"Student_210","F",20,"btech",56,72.01,0
"211",211,"Student_211","M",22,"btech",54,68.36,0
"212",212,"Student_212","F",22,"btech",86,70.77,1
"213",213,"Student_213","F",29,"btech",75,77.23,0
"214",214,"Student_214","F",21,"btech",79,66.59,0
"215",215,"Student_215","F",21,"btech",68,67.99,0
"216",216,"Student_216","F",25,"phd",53,67.72,0
"217",217,"Student_217","F",26,"btech",88,64.91,0
"218",218,"Student_218","M",22,"btech",66,77.8,1
"219",219,"Student_219","M",24,"mtech",67,73.58,0
"220",220,"Student_220","M",22,"phd",68,76.45,1
"221",221,"Student_221","F",29,"mtech",57,62.8,1
"222",222,"Student_222","F",26,"btech",71,76.18,1
"223",223,"Student_223","M",28,"btech",52,61.9,1
"224",224,"Student_224","M",21,"btech",76,67.39,1
"225",225,"Student_225","F",25,"phd",49,74.68,1
"226",226,"Student_226","F",25,"btech",60,72.77,1
"227",227,"Student_227","F",22,"btech",74,60.23,1
"228",228,"Student_228","F",25,"mtech",64,57.45,1
"229",229,"Student_229","M",20,"btech",40,50.28,0
"230",230,"Student_230","F",27,"btech",44,50.73,1
"231",231,"Student_231","F",24,"btech",78,77.81,0
"232",232,"Student_232","M",25,"btech",71,69.46,1
"233",233,"Student_233","F",28,"btech",67,78.56,1
"234",234,"Student_234","F",25,"btech",66,71.74,1
"235",235,"Student_235","F",25,"mtech",51,69.01,1
"236",236,"Student_236","M",29,"btech",59,77.28,0
"237",237,"Student_237","F",25,"btech",67,63.92,0
"238",238,"Student_238","F",24,"btech",82,72.92,1
"239",239,"Student_239","F",27,"btech",65,68.98,1
"240",240,"Student_240","F",26,"btech",64,65.22,0
"241",241,"Student_241","F",25,"mtech",51,65.12,1
"242",242,"Student_242","F",25,"btech",53,65.48,1
"243",243,"Student_243","F",26,"btech",87,62.5,1
"244",244,"Student_244","F",23,"btech",67,74.24,1
"245",245,"Student_245","F",20,"btech",66,79.36,0
"246",246,"Student_246","F",21,"phd",75,70.92,0
"247",247,"Student_247","F",25,"mtech",68,70.35,1
"248",248,"Student_248","F",23,"btech",66,66.97,1
"249",249,"Student_249","F",22,"mtech",61,63.45,1
"250",250,"Student_250","F",22,"mtech",78,65.1,1
"251",251,"Student_251","M",21,"mtech",62,66.1,1
"252",252,"Student_252","F",24,"btech",65,38.63,1
"253",253,"Student_253","F",29,"btech",52,74.39,1
"254",254,"Student_254","F",21,"mtech",62,62.58,0
"255",255,"Student_255","F",24,"btech",66,74.61,0
"256",256,"Student_256","F",22,"btech",84,65.78,0
"257",257,"Student_257","M",29,"btech",71,76.66,0
"258",258,"Student_258","F",24,"phd",66,66.78,0
"259",259,"Student_259","M",20,"phd",72,74.74,0
"260",260,"Student_260","F",25,"btech",56,81.53,0
"261",261,"Student_261","F",24,"btech",65,77.54,0
"262",262,"Student_262","F",24,"btech",60,66.9,1
"263",263,"Student_263","F",23,"btech",63,71,0
"264",264,"Student_264","F",24,"btech",51,66.33,1
"265",265,"Student_265","M",27,"mtech",62,50.84,0
"266",266,"Student_266","M",24,"phd",56,75.67,1
"267",267,"Student_267","F",22,"btech",62,61.59,1
"268",268,"Student_268","F",22,"mtech",53,62.49,1
"269",269,"Student_269","M",21,"phd",75,81.07,0
"270",270,"Student_270","F",29,"mtech",75,70.42,1
"271",271,"Student_271","F",20,"btech",63,80.46,1
"272",272,"Student_272","M",25,"btech",64,74.27,1
"273",273,"Student_273","F",25,"phd",55,77.13,0
"274",274,"Student_274","F",22,"btech",75,70.49,1
"275",275,"Student_275","F",22,"phd",63,66.69,1
"276",276,"Student_276","M",25,"mtech",65,69.17,0
"277",277,"Student_277","M",20,"btech",94,76.94,0
"278",278,"Student_278","F",29,"btech",54,61.38,1
"279",279,"Student_279","F",25,"btech",70,64.34,1
"280",280,"Student_280","F",24,"btech",77,67.26,1
"281",281,"Student_281","F",21,"btech",66,65.1,1
"282",282,"Student_282","M",23,"btech",62,72.5,0
"283",283,"Student_283","F",25,"btech",65,67.47,1
"284",284,"Student_284","F",27,"btech",82,63.7,0
"285",285,"Student_285","F",21,"btech",70,71.46,0
"286",286,"Student_286","F",21,"mtech",63,73.32,0
"287",287,"Student_287","M",22,"btech",74,71.91,1
"288",288,"Student_288","M",25,"mtech",64,73.75,1
"289",289,"Student_289","M",23,"mtech",66,78.32,1
"290",290,"Student_290","M",21,"btech",67,72.3,1
"291",291,"Student_291","F",28,"btech",60,82.07,0
"292",292,"Student_292","M",25,"btech",66,66.18,1
"293",293,"Student_293","F",26,"btech",64,75.01,0
"294",294,"Student_294","F",21,"phd",78,76.04,1
"295",295,"Student_295","F",28,"btech",55,77.89,0
"296",296,"Student_296","F",25,"phd",62,66.66,1
"297",297,"Student_297","M",20,"btech",36,58.97,1
"298",298,"Student_298","F",21,"btech",75,66.95,0
"299",299,"Student_299","M",29,"mtech",93,72.78,1
"300",300,"Student_300","F",25,"phd",56,69.16,1
"301",301,"Student_301","F",23,"mtech",55,80.12,0
"302",302,"Student_302","F",28,"mtech",73,65.57,1
"303",303,"Student_303","M",25,"btech",64,72.26,1
"304",304,"Student_304","M",23,"btech",66,82.07,1
"305",305,"Student_305","M",21,"btech",67,67.87,0
"306",306,"Student_306","M",24,"btech",71,45.16,1
"307",307,"Student_307","F",29,"btech",55,73.36,1
"308",308,"Student_308","M",23,"btech",59,58.1,1
"309",309,"Student_309","F",23,"btech",74,85.58,1
"310",310,"Student_310","F",23,"btech",54,74.61,1
"311",311,"Student_311","M",27,"btech",77,66.42,1
"312",312,"Student_312","M",25,"mtech",72,64.43,0
"313",313,"Student_313","F",22,"btech",62,69.36,1
"314",314,"Student_314","F",28,"btech",64,78.44,1
"315",315,"Student_315","F",27,"btech",56,74.46,1
"316",316,"Student_316","F",28,"phd",47,67.65,1
"317",317,"Student_317","F",26,"phd",66,61.22,1
"318",318,"Student_318","F",24,"btech",94,68.72,1
"319",319,"Student_319","M",21,"mtech",67,80.13,0
"320",320,"Student_320","F",27,"btech",81,76.07,1
"321",321,"Student_321","F",29,"phd",80,64.51,0
"322",322,"Student_322","F",27,"btech",78,81.73,0
"323",323,"Student_323","M",25,"btech",70,63.3,0
"324",324,"Student_324","F",29,"btech",51,73.78,1
"325",325,"Student_325","F",29,"mtech",73,68.85,1
"326",326,"Student_326","M",27,"btech",62,58.25,1
"327",327,"Student_327","F",29,"phd",68,55.94,1
"328",328,"Student_328","F",24,"btech",49,73.22,1
"329",329,"Student_329","F",28,"btech",71,67.72,1
"330",330,"Student_330","F",26,"btech",74,79.16,1
"331",331,"Student_331","F",28,"btech",77,70.72,1
"332",332,"Student_332","M",27,"btech",80,63.2,0
"333",333,"Student_333","F",20,"mtech",73,63.71,1
"334",334,"Student_334","F",23,"btech",75,64.56,0
"335",335,"Student_335","M",24,"btech",65,77.92,0
"336",336,"Student_336","F",24,"btech",79,75.12,1
"337",337,"Student_337","M",26,"btech",68,70.84,0
"338",338,"Student_338","F",22,"btech",62,82.29,1
"339",339,"Student_339","M",28,"btech",60,69.34,1
"340",340,"Student_340","F",22,"btech",63,69.43,0
"341",341,"Student_341","M",25,"phd",92,74.51,1
"342",342,"Student_342","M",24,"mtech",54,80.91,1
"343",343,"Student_343","F",28,"btech",74,79.85,1
"344",344,"Student_344","M",29,"btech",57,59.56,1
"345",345,"Student_345","M",24,"btech",63,71.55,0
"346",346,"Student_346","F",22,"btech",49,73.97,1
"347",347,"Student_347","M",26,"btech",44,75.25,1
"348",348,"Student_348","M",27,"mtech",58,82.29,0
"349",349,"Student_349","F",22,"btech",47,82.11,1
"350",350,"Student_350","F",25,"btech",41,63.48,1
"351",351,"Student_351","F",20,"btech",51,75.71,1
"352",352,"Student_352","F",26,"phd",74,75.82,1
"353",353,"Student_353","F",21,"btech",73,73.53,0
"354",354,"Student_354","F",20,"btech",39,75.23,1
"355",355,"Student_355","F",29,"btech",54,73.23,1
"356",356,"Student_356","M",23,"phd",67,67.08,0
"357",357,"Student_357","F",23,"btech",66,80.96,1
"358",358,"Student_358","F",25,"btech",69,52.06,0
"359",359,"Student_359","F",27,"phd",59,62.49,1
"360",360,"Student_360","F",24,"btech",60,67.96,1
"361",361,"Student_361","F",22,"mtech",64,66.36,0
"362",362,"Student_362","F",20,"btech",48,88.11,1
"363",363,"Student_363","F",23,"phd",59,70.3,1
"364",364,"Student_364","M",25,"phd",78,65.88,1
"365",365,"Student_365","F",29,"mtech",72,72.68,1
"366",366,"Student_366","F",21,"btech",90,69.8,1
"367",367,"Student_367","M",22,"btech",56,79.23,0
"368",368,"Student_368","M",20,"mtech",67,57.23,0
"369",369,"Student_369","F",23,"phd",58,82.15,1
"370",370,"Student_370","M",21,"phd",79,78.78,0
"371",371,"Student_371","M",29,"btech",76,69.55,1
"372",372,"Student_372","M",22,"btech",65,67.09,1
"373",373,"Student_373","F",23,"mtech",61,61.45,0
"374",374,"Student_374","F",25,"phd",58,87.11,0
"375",375,"Student_375","M",28,"btech",62,60.79,1
"376",376,"Student_376","F",23,"btech",56,71.56,1
"377",377,"Student_377","F",27,"btech",48,79.44,0
"378",378,"Student_378","M",28,"mtech",83,73.21,0
"379",379,"Student_379","M",24,"phd",67,69.66,1
"380",380,"Student_380","F",24,"btech",82,62.99,1
"381",381,"Student_381","F",21,"mtech",61,57.46,1
"382",382,"Student_382","F",28,"mtech",70,71.27,0
"383",383,"Student_383","F",22,"btech",74,58.05,1
"384",384,"Student_384","F",23,"btech",60,78.82,0
"385",385,"Student_385","M",23,"btech",60,71.37,0
"386",386,"Student_386","M",28,"btech",66,78.98,1
"387",387,"Student_387","M",28,"btech",72,66.87,1
"388",388,"Student_388","F",24,"mtech",81,74.74,0
"389",389,"Student_389","M",28,"btech",76,69.47,1
"390",390,"Student_390","F",22,"btech",69,71.61,0
"391",391,"Student_391","F",23,"btech",70,48.3,1
"392",392,"Student_392","M",25,"phd",59,72.5,1
"393",393,"Student_393","F",27,"btech",70,69.69,1
"394",394,"Student_394","F",21,"btech",79,61.72,0
"395",395,"Student_395","F",20,"btech",62,76.17,1
"396",396,"Student_396","F",26,"btech",81,77.49,1
"397",397,"Student_397","M",28,"btech",67,72.44,0
"398",398,"Student_398","M",20,"phd",50,77.9,1
"399",399,"Student_399","F",20,"btech",59,73.5,1
"400",400,"Student_400","F",24,"btech",50,68.12,1
"401",401,"Student_401","F",27,"btech",73,69.71,0
"402",402,"Student_402","F",28,"mtech",67,60.52,1
"403",403,"Student_403","F",26,"btech",58,74.81,1
"404",404,"Student_404","M",27,"btech",73,67.41,1
"405",405,"Student_405","M",28,"mtech",64,73.84,0
"406",406,"Student_406","F",24,"mtech",70,72.06,1
"407",407,"Student_407","F",25,"mtech",76,75.92,0
"408",408,"Student_408","F",24,"phd",64,63.9,0
"409",409,"Student_409","F",27,"phd",60,68.28,0
"410",410,"Student_410","F",28,"btech",74,82.58,0
"411",411,"Student_411","F",20,"btech",63,64.2,0
"412",412,"Student_412","F",20,"btech",79,72.19,1
"413",413,"Student_413","F",20,"btech",68,66.58,0
"414",414,"Student_414","F",26,"mtech",85,81.08,0
"415",415,"Student_415","F",21,"btech",62,65.66,1
"416",416,"Student_416","F",26,"mtech",71,76.41,0
"417",417,"Student_417","F",28,"mtech",56,73.2,1
"418",418,"Student_418","F",28,"btech",64,73.82,0
"419",419,"Student_419","M",23,"btech",52,67.76,1
"420",420,"Student_420","M",29,"btech",80,85.74,0
"421",421,"Student_421","M",28,"mtech",57,67.2,1
"422",422,"Student_422","F",22,"btech",73,70.47,0
"423",423,"Student_423","F",22,"mtech",61,66.85,1
"424",424,"Student_424","F",28,"btech",66,63.05,0
"425",425,"Student_425","F",25,"btech",70,73.52,0
"426",426,"Student_426","M",20,"btech",61,57.15,0
"427",427,"Student_427","M",22,"btech",79,65.64,1
"428",428,"Student_428","F",21,"btech",68,65.73,1
"429",429,"Student_429","M",24,"mtech",62,79.09,0
"430",430,"Student_430","F",27,"btech",74,61.89,0
"431",431,"Student_431","F",21,"btech",46,73.78,0
"432",432,"Student_432","F",29,"btech",71,59.71,1
"433",433,"Student_433","F",20,"btech",63,52.67,0
"434",434,"Student_434","F",27,"btech",62,68.91,1
"435",435,"Student_435","F",29,"phd",77,63.07,0
"436",436,"Student_436","M",26,"btech",69,71.04,0
"437",437,"Student_437","M",23,"btech",53,71.46,1
"438",438,"Student_438","F",21,"btech",83,59.29,0
"439",439,"Student_439","M",20,"btech",54,81.09,1
"440",440,"Student_440","F",24,"btech",52,85.87,1
"441",441,"Student_441","F",27,"btech",63,59.35,1
"442",442,"Student_442","F",24,"btech",58,58.06,1
"443",443,"Student_443","F",26,"mtech",84,82.16,1
"444",444,"Student_444","M",23,"btech",66,87.36,1
"445",445,"Student_445","F",20,"mtech",64,57.83,0
"446",446,"Student_446","M",23,"btech",56,69.37,0
"447",447,"Student_447","M",24,"btech",62,65.34,0
"448",448,"Student_448","F",28,"btech",63,71.18,1
"449",449,"Student_449","F",25,"btech",61,62.92,1
"450",450,"Student_450","F",28,"btech",75,71.73,1
"451",451,"Student_451","M",24,"btech",69,90.39,0
"452",452,"Student_452","F",26,"mtech",65,61.28,0
"453",453,"Student_453","M",23,"btech",56,73.37,1
"454",454,"Student_454","M",29,"phd",72,71.92,1
"455",455,"Student_455","F",28,"btech",79,68.8,0
"456",456,"Student_456","F",26,"btech",80,77.91,1
"457",457,"Student_457","F",26,"btech",65,65.97,1
"458",458,"Student_458","F",21,"btech",69,81.68,0
"459",459,"Student_459","M",29,"btech",60,74.74,1
"460",460,"Student_460","F",21,"btech",75,71.18,0
"461",461,"Student_461","M",28,"btech",72,74.06,1
"462",462,"Student_462","M",29,"btech",75,67.23,0
"463",463,"Student_463","M",23,"btech",53,77.79,1
"464",464,"Student_464","F",22,"btech",65,71.09,0
"465",465,"Student_465","F",24,"btech",68,68.94,1
"466",466,"Student_466","F",26,"btech",62,65.69,1
"467",467,"Student_467","F",22,"btech",80,84.04,1
"468",468,"Student_468","F",20,"btech",86,66.52,0
"469",469,"Student_469","F",26,"mtech",80,62.52,1
"470",470,"Student_470","F",27,"btech",63,77.24,1
"471",471,"Student_471","M",24,"btech",73,74.55,0
"472",472,"Student_472","F",25,"btech",77,78.7,1
"473",473,"Student_473","F",26,"phd",55,56.66,1
"474",474,"Student_474","M",27,"btech",53,67.63,1
"475",475,"Student_475","F",28,"mtech",53,75.15,1
"476",476,"Student_476","M",22,"btech",73,77.52,1
"477",477,"Student_477","F",24,"btech",58,65.49,1
"478",478,"Student_478","M",22,"btech",72,47.96,1
"479",479,"Student_479","F",27,"btech",71,85.3,0
"480",480,"Student_480","F",22,"btech",60,75.78,0
"481",481,"Student_481","F",28,"mtech",66,77.65,1
"482",482,"Student_482","M",28,"mtech",66,56.51,1
"483",483,"Student_483","M",23,"btech",50,54.37,1
"484",484,"Student_484","F",22,"mtech",64,83.8,0
"485",485,"Student_485","F",24,"btech",87,74.74,1
"486",486,"Student_486","F",26,"btech",73,68.53,0
"487",487,"Student_487","F",25,"btech",50,63.51,0
"488",488,"Student_488","M",28,"btech",59,60.41,0
"489",489,"Student_489","F",29,"mtech",82,56.57,1
"490",490,"Student_490","F",22,"btech",61,77.52,1
"491",491,"Student_491","F",23,"mtech",70,67.67,1
"492",492,"Student_492","M",26,"btech",75,65.33,0
"493",493,"Student_493","F",25,"btech",75,70.68,0
"494",494,"Student_494","M",27,"btech",57,74.73,1
"495",495,"Student_495","F",22,"btech",68,71.97,1
"496",496,"Student_496","F",21,"btech",78,79.2,0
"497",497,"Student_497","F",20,"btech",65,77.91,1
"498",498,"Student_498","F",22,"phd",77,71.77,1
"499",499,"Student_499","M",28,"btech",40,84.12,1
"500",500,"Student_500","F",25,"btech",58,62.86,1
"501",501,"Student_501","F",21,"btech",68,76.3,1
"502",502,"Student_502","F",29,"btech",55,75.35,1
"503",503,"Student_503","F",24,"btech",68,68.76,0
"504",504,"Student_504","F",23,"btech",54,58.78,1
"505",505,"Student_505","M",24,"btech",70,56.71,1
"506",506,"Student_506","M",23,"mtech",53,60.65,0
"507",507,"Student_507","M",20,"btech",67,69.61,1
"508",508,"Student_508","M",22,"mtech",50,77.22,0
"509",509,"Student_509","M",28,"btech",67,62.75,0
"510",510,"Student_510","F",21,"btech",84,86.05,0
"511",511,"Student_511","F",22,"btech",67,58.38,1
"512",512,"Student_512","F",22,"btech",75,81.17,0
"513",513,"Student_513","M",27,"mtech",77,65.86,0
"514",514,"Student_514","F",27,"btech",63,60.74,1
"515",515,"Student_515","F",25,"btech",76,73.71,1
"516",516,"Student_516","F",21,"btech",62,73.9,1
"517",517,"Student_517","F",21,"btech",74,73.29,1
"518",518,"Student_518","M",21,"btech",61,78.09,1
"519",519,"Student_519","F",28,"mtech",82,76.16,0
"520",520,"Student_520","F",29,"phd",74,77.26,0
"521",521,"Student_521","F",24,"btech",83,83.89,1
"522",522,"Student_522","F",21,"btech",66,72.6,1
"523",523,"Student_523","F",27,"mtech",78,53.46,1
"524",524,"Student_524","M",29,"btech",54,62.42,0
"525",525,"Student_525","M",28,"btech",62,79.04,1
"526",526,"Student_526","F",23,"btech",76,86.69,1
"527",527,"Student_527","F",28,"btech",60,65.07,1
"528",528,"Student_528","F",22,"mtech",60,69.07,1
"529",529,"Student_529","F",26,"phd",69,77.26,0
"530",530,"Student_530","F",21,"btech",80,73.05,1
"531",531,"Student_531","F",21,"btech",81,78.27,1
"532",532,"Student_532","M",26,"btech",58,63.31,1
"533",533,"Student_533","F",27,"phd",73,72.09,0
"534",534,"Student_534","M",27,"btech",92,77.14,0
"535",535,"Student_535","F",20,"btech",85,77.56,0
"536",536,"Student_536","F",29,"btech",45,60.62,0
"537",537,"Student_537","F",23,"btech",72,78.91,1
"538",538,"Student_538","F",24,"btech",54,66.18,0
"539",539,"Student_539","M",29,"btech",70,66.58,0
"540",540,"Student_540","F",24,"mtech",73,78.95,1
"541",541,"Student_541","F",28,"phd",69,62.49,1
"542",542,"Student_542","M",29,"phd",50,74.24,0
"543",543,"Student_543","F",25,"btech",58,69.71,1
"544",544,"Student_544","M",27,"mtech",78,79.5,1
"545",545,"Student_545","M",27,"btech",60,75.78,0
"546",546,"Student_546","F",24,"btech",45,70.25,0
"547",547,"Student_547","F",21,"phd",66,57.28,0
"548",548,"Student_548","F",24,"phd",79,67.2,1
"549",549,"Student_549","F",28,"btech",81,71.51,0
"550",550,"Student_550","F",25,"btech",65,60.34,0
"551",551,"Student_551","F",22,"phd",81,78.1,1
"552",552,"Student_552","F",28,"mtech",59,68.16,1
"553",553,"Student_553","F",20,"btech",58,67.28,1
"554",554,"Student_554","M",25,"btech",76,62.71,1
"555",555,"Student_555","F",22,"mtech",64,59.05,0
"556",556,"Student_556","M",24,"mtech",55,66.58,1
"557",557,"Student_557","F",29,"btech",75,63.39,1
"558",558,"Student_558","M",20,"btech",62,68.81,1
"559",559,"Student_559","M",24,"btech",81,76.37,0
"560",560,"Student_560","F",20,"btech",74,67.38,1
"561",561,"Student_561","F",21,"btech",70,69.6,0
"562",562,"Student_562","F",24,"btech",66,63.44,1
"563",563,"Student_563","F",25,"btech",52,69.9,1
"564",564,"Student_564","F",24,"btech",62,67.63,1
"565",565,"Student_565","F",27,"btech",78,73.42,1
"566",566,"Student_566","F",21,"btech",75,70.05,0
"567",567,"Student_567","M",24,"phd",58,55.8,1
"568",568,"Student_568","F",27,"btech",71,76.03,1
"569",569,"Student_569","F",21,"mtech",64,64.09,0
"570",570,"Student_570","M",28,"btech",60,73.04,1
"571",571,"Student_571","F",21,"btech",73,57.3,0
"572",572,"Student_572","F",23,"btech",69,68.84,1
"573",573,"Student_573","F",23,"btech",49,65.95,1
"574",574,"Student_574","F",29,"btech",65,77.19,0
"575",575,"Student_575","M",29,"btech",62,59.74,1
"576",576,"Student_576","F",29,"mtech",54,64.29,0
"577",577,"Student_577","M",26,"btech",64,73.62,0
"578",578,"Student_578","M",24,"btech",55,65.96,0
"579",579,"Student_579","M",26,"btech",60,75.87,0
"580",580,"Student_580","F",20,"btech",62,67.86,0
"581",581,"Student_581","M",24,"btech",78,83.98,1
"582",582,"Student_582","M",25,"btech",77,63.38,1
"583",583,"Student_583","M",27,"btech",47,60.41,0
"584",584,"Student_584","M",24,"btech",78,90.29,1
"585",585,"Student_585","F",27,"btech",50,68.19,0
"586",586,"Student_586","M",28,"btech",67,55.86,0
"587",587,"Student_587","F",20,"phd",78,62.8,1
"588",588,"Student_588","F",20,"btech",59,65.2,0
"589",589,"Student_589","F",26,"btech",66,65.11,0
"590",590,"Student_590","F",29,"btech",62,77.04,1
"591",591,"Student_591","F",24,"mtech",65,64.86,0
"592",592,"Student_592","F",28,"mtech",73,69.27,0
"593",593,"Student_593","F",23,"btech",60,60.82,0
"594",594,"Student_594","F",28,"phd",73,62.13,0
"595",595,"Student_595","M",28,"btech",72,54.67,1
"596",596,"Student_596","F",22,"mtech",80,65.31,1
"597",597,"Student_597","M",20,"btech",78,60.89,0
"598",598,"Student_598","F",24,"btech",60,70.64,1
"599",599,"Student_599","F",24,"btech",69,66.39,1
"600",600,"Student_600","F",25,"mtech",80,70.56,0
"601",601,"Student_601","F",26,"btech",54,86.94,1
"602",602,"Student_602","F",23,"mtech",57,78.74,0
"603",603,"Student_603","F",21,"mtech",41,85.76,1
"604",604,"Student_604","F",22,"mtech",63,81.67,0
"605",605,"Student_605","F",28,"mtech",69,61.64,0
"606",606,"Student_606","F",28,"mtech",61,71.54,0
"607",607,"Student_607","F",26,"mtech",68,65.05,1
"608",608,"Student_608","F",25,"btech",78,59.15,1
"609",609,"Student_609","F",20,"btech",50,82.11,1
"610",610,"Student_610","F",25,"btech",71,70.97,1
"611",611,"Student_611","F",25,"btech",70,76.43,1
"612",612,"Student_612","M",29,"mtech",77,68.32,0
"613",613,"Student_613","F",25,"btech",61,73.04,1
"614",614,"Student_614","M",28,"mtech",77,79.49,0
"615",615,"Student_615","M",26,"btech",77,72.09,1
"616",616,"Student_616","M",26,"btech",66,61.14,1
"617",617,"Student_617","F",23,"btech",58,65.28,1
"618",618,"Student_618","F",25,"btech",85,67.56,0
"619",619,"Student_619","F",26,"btech",56,71.21,1
"620",620,"Student_620","M",26,"mtech",76,72.86,1
"621",621,"Student_621","F",28,"btech",60,71.37,1
"622",622,"Student_622","F",21,"btech",64,67.88,1
"623",623,"Student_623","F",26,"btech",70,70.58,1
"624",624,"Student_624","F",22,"btech",57,75.6,0
"625",625,"Student_625","M",22,"mtech",68,74.93,1
"626",626,"Student_626","M",25,"phd",57,70.24,1
"627",627,"Student_627","M",21,"mtech",49,73.76,1
"628",628,"Student_628","F",23,"btech",76,66.6,0
"629",629,"Student_629","M",29,"phd",62,90.41,1
"630",630,"Student_630","F",27,"btech",46,71,1
"631",631,"Student_631","M",20,"btech",66,62.77,0
"632",632,"Student_632","F",23,"mtech",62,84.25,1
"633",633,"Student_633","F",21,"mtech",75,65.1,0
"634",634,"Student_634","F",27,"btech",84,77.56,0
"635",635,"Student_635","M",20,"mtech",73,64.82,1
"636",636,"Student_636","M",22,"btech",60,67.15,0
"637",637,"Student_637","F",20,"btech",63,75.69,1
"638",638,"Student_638","F",25,"phd",61,52.55,0
"639",639,"Student_639","F",24,"phd",74,68.57,0
"640",640,"Student_640","F",21,"btech",75,69.79,1
"641",641,"Student_641","F",23,"mtech",64,65.08,1
"642",642,"Student_642","F",27,"mtech",74,61.7,0
"643",643,"Student_643","F",21,"btech",79,70.64,1
"644",644,"Student_644","F",20,"btech",73,67.01,1
"645",645,"Student_645","M",21,"btech",65,67.41,0
"646",646,"Student_646","F",27,"mtech",50,49.52,1
"647",647,"Student_647","F",28,"mtech",76,63.46,1
"648",648,"Student_648","F",24,"btech",59,66.54,1
"649",649,"Student_649","F",21,"btech",59,66.76,0
"650",650,"Student_650","F",22,"btech",60,78.74,1
"651",651,"Student_651","M",23,"mtech",57,71.68,1
"652",652,"Student_652","F",27,"btech",84,61.16,1
"653",653,"Student_653","M",25,"btech",66,53.26,1
"654",654,"Student_654","F",20,"btech",66,75.9,0
"655",655,"Student_655","F",24,"btech",66,63.03,1
"656",656,"Student_656","F",29,"mtech",70,53.66,1
"657",657,"Student_657","M",23,"btech",58,64.51,1
"658",658,"Student_658","M",22,"btech",76,70.64,1
"659",659,"Student_659","F",29,"mtech",66,69.7,1
"660",660,"Student_660","M",28,"btech",54,74.88,1
"661",661,"Student_661","F",27,"btech",73,71.55,0
"662",662,"Student_662","F",29,"btech",70,74.02,0
"663",663,"Student_663","M",26,"mtech",65,55.56,1
"664",664,"Student_664","F",23,"btech",52,68.71,0
"665",665,"Student_665","M",20,"btech",59,75.19,1
"666",666,"Student_666","M",21,"btech",81,75.28,1
"667",667,"Student_667","M",23,"phd",66,74.87,1
"668",668,"Student_668","F",27,"btech",54,79.02,1
"669",669,"Student_669","M",25,"btech",54,57.13,0
"670",670,"Student_670","M",23,"btech",66,72.33,0
"671",671,"Student_671","M",20,"btech",68,79.67,1
"672",672,"Student_672","M",21,"mtech",67,69.72,0
"673",673,"Student_673","F",22,"btech",54,67.14,1
"674",674,"Student_674","M",25,"btech",72,65.73,0
"675",675,"Student_675","F",27,"btech",62,64.73,0
"676",676,"Student_676","M",29,"btech",72,82.01,0
"677",677,"Student_677","F",23,"btech",76,65.14,0
"678",678,"Student_678","M",26,"btech",56,60.58,0
"679",679,"Student_679","F",27,"mtech",54,80.96,1
"680",680,"Student_680","F",27,"phd",67,76.58,0
"681",681,"Student_681","F",29,"btech",63,73.76,1
"682",682,"Student_682","M",23,"btech",85,65.71,1
"683",683,"Student_683","F",24,"btech",76,47.5,1
"684",684,"Student_684","F",27,"mtech",63,53.19,1
"685",685,"Student_685","F",22,"btech",71,69.24,1
"686",686,"Student_686","M",29,"btech",61,70.76,1
"687",687,"Student_687","F",21,"btech",55,71.52,0
"688",688,"Student_688","F",27,"btech",76,56.4,1
"689",689,"Student_689","F",22,"mtech",64,69.17,0
"690",690,"Student_690","M",21,"btech",67,68.41,0
"691",691,"Student_691","F",29,"btech",71,59.11,1
"692",692,"Student_692","M",24,"btech",79,58.75,0
"693",693,"Student_693","F",23,"btech",59,77.06,1
"694",694,"Student_694","F",29,"btech",52,73.38,1
"695",695,"Student_695","F",29,"phd",75,72.71,1
"696",696,"Student_696","F",25,"phd",58,69.51,0
"697",697,"Student_697","F",23,"btech",81,60.98,1
"698",698,"Student_698","M",24,"btech",56,78.11,1
"699",699,"Student_699","M",26,"btech",60,73.09,0
"700",700,"Student_700","F",23,"btech",60,69.67,1
"701",701,"Student_701","F",26,"btech",57,66.86,1
"702",702,"Student_702","M",21,"btech",52,70.5,1
"703",703,"Student_703","F",25,"mtech",59,72.36,0
"704",704,"Student_704","M",26,"btech",68,75.56,0
"705",705,"Student_705","F",29,"btech",68,70.85,0
"706",706,"Student_706","M",27,"mtech",52,80.42,0
"707",707,"Student_707","F",28,"phd",64,54.09,1
"708",708,"Student_708","F",25,"btech",62,67.17,1
"709",709,"Student_709","M",24,"btech",74,82.5,1
"710",710,"Student_710","F",28,"btech",71,65.52,1
"711",711,"Student_711","M",24,"mtech",57,76.1,1
"712",712,"Student_712","M",29,"phd",59,58.34,1
"713",713,"Student_713","F",25,"btech",61,69.69,1
"714",714,"Student_714","F",20,"btech",67,64.34,0
"715",715,"Student_715","F",26,"phd",62,69.79,0
"716",716,"Student_716","M",29,"btech",42,71.98,0
"717",717,"Student_717","M",28,"btech",54,61.34,1
"718",718,"Student_718","F",24,"mtech",60,74.26,1
"719",719,"Student_719","F",21,"btech",48,59.52,1
"720",720,"Student_720","M",27,"btech",67,56.74,1
"721",721,"Student_721","M",27,"phd",73,54.13,0
"722",722,"Student_722","F",27,"btech",51,80.33,1
"723",723,"Student_723","F",27,"btech",72,72.59,1
"724",724,"Student_724","M",21,"btech",56,66.56,1
"725",725,"Student_725","M",23,"btech",75,78.92,1
"726",726,"Student_726","M",24,"btech",69,79.72,1
"727",727,"Student_727","M",27,"btech",73,69.48,1
"728",728,"Student_728","F",29,"btech",71,72.01,1
"729",729,"Student_729","F",26,"mtech",59,76.26,1
"730",730,"Student_730","M",29,"btech",60,48.81,1
"731",731,"Student_731","F",26,"mtech",78,69.13,1
"732",732,"Student_732","F",24,"btech",55,61.55,1
"733",733,"Student_733","F",24,"btech",48,57.38,0
"734",734,"Student_734","F",22,"btech",63,67.06,1
"735",735,"Student_735","M",25,"btech",50,57.67,1
"736",736,"Student_736","F",24,"mtech",61,58.8,0
"737",737,"Student_737","M",21,"btech",28,74.66,0
"738",738,"Student_738","F",20,"phd",75,63.26,0
"739",739,"Student_739","F",20,"btech",49,67.83,1
"740",740,"Student_740","F",22,"phd",69,87.98,0
"741",741,"Student_741","M",20,"mtech",63,76.12,0
"742",742,"Student_742","M",27,"phd",65,62.35,0
"743",743,"Student_743","F",21,"btech",72,75.1,0
"744",744,"Student_744","F",26,"btech",54,65.05,1
"745",745,"Student_745","M",26,"btech",58,58.62,1
"746",746,"Student_746","F",27,"btech",63,52.83,0
"747",747,"Student_747","M",27,"btech",81,71.34,0
"748",748,"Student_748","M",28,"mtech",64,70.35,1
"749",749,"Student_749","M",24,"btech",79,66.4,1
"750",750,"Student_750","F",22,"mtech",63,71.06,1
"751",751,"Student_751","F",22,"btech",58,75.73,1
"752",752,"Student_752","F",26,"phd",71,78.85,0
"753",753,"Student_753","F",28,"mtech",46,73.44,0
"754",754,"Student_754","M",21,"phd",68,74.13,0
"755",755,"Student_755","F",24,"btech",65,84.93,0
"756",756,"Student_756","F",26,"mtech",69,85.24,1
"757",757,"Student_757","F",26,"btech",55,70.66,1
"758",758,"Student_758","F",29,"btech",55,60.62,1
"759",759,"Student_759","M",20,"btech",74,70.13,1
"760",760,"Student_760","F",25,"mtech",86,59.62,1
"761",761,"Student_761","M",22,"btech",67,69.35,1
"762",762,"Student_762","F",28,"btech",82,76.32,1
"763",763,"Student_763","M",21,"btech",56,75.4,0
"764",764,"Student_764","F",20,"mtech",72,76.51,1
"765",765,"Student_765","F",25,"btech",38,73.73,1
"766",766,"Student_766","F",24,"phd",87,75.93,1
"767",767,"Student_767","F",23,"mtech",51,65.03,0
"768",768,"Student_768","F",23,"btech",58,66.71,0
"769",769,"Student_769","M",29,"btech",65,42.41,1
"770",770,"Student_770","F",28,"mtech",67,61.84,0
"771",771,"Student_771","F",20,"btech",64,70.17,0
"772",772,"Student_772","M",26,"btech",58,74.35,1
"773",773,"Student_773","F",28,"btech",45,68.07,1
"774",774,"Student_774","M",28,"mtech",55,68.21,0
"775",775,"Student_775","F",23,"phd",55,61.97,1
"776",776,"Student_776","F",24,"phd",76,69.13,1
"777",777,"Student_777","F",24,"btech",57,76.72,1
"778",778,"Student_778","F",20,"mtech",60,58.83,1
"779",779,"Student_779","M",24,"mtech",56,60.05,0
"780",780,"Student_780","F",23,"btech",77,57.76,0
"781",781,"Student_781","M",20,"mtech",76,74.16,0
"782",782,"Student_782","F",24,"btech",66,53.14,1
"783",783,"Student_783","M",29,"btech",69,67.81,0
"784",784,"Student_784","F",27,"mtech",53,75.71,1
"785",785,"Student_785","M",22,"btech",70,74.41,0
"786",786,"Student_786","F",24,"btech",73,74.65,1
"787",787,"Student_787","F",26,"btech",67,62.43,0
"788",788,"Student_788","F",23,"btech",62,75.49,1
"789",789,"Student_789","F",27,"btech",63,67.03,1
"790",790,"Student_790","F",29,"btech",62,67.76,0
"791",791,"Student_791","F",27,"mtech",72,66.25,1
"792",792,"Student_792","F",23,"mtech",69,72.59,0
"793",793,"Student_793","F",24,"mtech",55,71.56,1
"794",794,"Student_794","F",29,"btech",57,69.72,1
"795",795,"Student_795","M",24,"mtech",79,84.64,1
"796",796,"Student_796","F",24,"mtech",65,70.68,1
"797",797,"Student_797","M",27,"btech",53,75.82,1
"798",798,"Student_798","F",25,"btech",50,75.2,1
"799",799,"Student_799","M",24,"btech",56,46.02,1
"800",800,"Student_800","F",26,"btech",67,73.26,0
"801",801,"Student_801","M",26,"mtech",80,72.61,1
"802",802,"Student_802","F",25,"phd",53,77.87,1
"803",803,"Student_803","F",21,"phd",73,57.15,0
"804",804,"Student_804","F",20,"mtech",68,63.96,0
"805",805,"Student_805","F",20,"btech",66,63.31,1
"806",806,"Student_806","F",24,"btech",54,79.39,1
"807",807,"Student_807","F",21,"btech",74,72.77,1
"808",808,"Student_808","M",26,"btech",53,60.15,0
"809",809,"Student_809","F",29,"btech",59,66.88,1
"810",810,"Student_810","M",20,"btech",72,74.37,1
"811",811,"Student_811","F",29,"btech",63,68.02,1
"812",812,"Student_812","F",27,"btech",79,79,1
"813",813,"Student_813","F",20,"mtech",74,88.08,1
"814",814,"Student_814","F",24,"btech",66,69,1
"815",815,"Student_815","F",27,"mtech",62,65.9,1
"816",816,"Student_816","F",27,"btech",75,80.01,0
"817",817,"Student_817","F",22,"btech",56,60.9,1
"818",818,"Student_818","M",21,"btech",53,73.12,1
"819",819,"Student_819","F",23,"mtech",63,69.62,1
"820",820,"Student_820","F",28,"btech",69,65.9,0
"821",821,"Student_821","F",21,"btech",72,74,0
"822",822,"Student_822","F",24,"mtech",69,69.23,1
"823",823,"Student_823","M",26,"btech",80,62.03,0
"824",824,"Student_824","M",28,"btech",70,73.27,1
"825",825,"Student_825","F",27,"btech",71,71.84,0
"826",826,"Student_826","F",22,"phd",70,53.21,1
"827",827,"Student_827","F",26,"btech",39,71.55,0
"828",828,"Student_828","M",28,"mtech",60,72.14,1
"829",829,"Student_829","F",20,"btech",68,55.09,0
"830",830,"Student_830","F",29,"btech",53,69.29,0
"831",831,"Student_831","F",27,"btech",67,71.53,0
"832",832,"Student_832","M",20,"phd",68,64.49,0
"833",833,"Student_833","F",21,"mtech",68,58.46,0
"834",834,"Student_834","F",22,"btech",65,68.67,1
"835",835,"Student_835","M",29,"btech",65,67.11,1
"836",836,"Student_836","F",20,"btech",53,69.77,1
"837",837,"Student_837","M",21,"btech",74,63.52,0
"838",838,"Student_838","F",23,"btech",58,74.8,1
"839",839,"Student_839","M",22,"btech",67,71.49,1
"840",840,"Student_840","F",22,"mtech",66,66.37,0
"841",841,"Student_841","M",23,"btech",54,67.78,1
"842",842,"Student_842","F",20,"btech",52,66.59,0
"843",843,"Student_843","F",25,"btech",60,71.2,1
"844",844,"Student_844","M",24,"btech",62,77.77,1
"845",845,"Student_845","F",20,"mtech",58,81.9,0
"846",846,"Student_846","M",26,"btech",60,62.83,0
"847",847,"Student_847","F",23,"phd",74,82.07,1
"848",848,"Student_848","M",20,"btech",51,71.34,0
"849",849,"Student_849","F",28,"mtech",60,74.82,0
"850",850,"Student_850","F",23,"mtech",81,78.86,1
"851",851,"Student_851","F",23,"btech",60,87.37,1
"852",852,"Student_852","M",26,"mtech",52,70.04,0
"853",853,"Student_853","F",23,"btech",61,66.73,1
"854",854,"Student_854","M",26,"btech",59,73.84,1
"855",855,"Student_855","F",20,"btech",71,69.94,0
"856",856,"Student_856","F",28,"btech",62,67.94,1
"857",857,"Student_857","F",25,"btech",66,58.93,1
"858",858,"Student_858","F",27,"btech",46,67.55,1
"859",859,"Student_859","M",22,"mtech",78,52.67,1
"860",860,"Student_860","F",20,"mtech",49,68.84,0
"861",861,"Student_861","F",24,"btech",53,77.77,0
"862",862,"Student_862","F",22,"mtech",89,72.25,0
"863",863,"Student_863","F",22,"phd",73,88.27,0
"864",864,"Student_864","F",22,"mtech",75,52.24,0
"865",865,"Student_865","F",21,"mtech",65,63.56,1
"866",866,"Student_866","F",24,"btech",61,79.51,1
"867",867,"Student_867","F",26,"btech",71,69.32,0
"868",868,"Student_868","F",25,"btech",69,74,0
"869",869,"Student_869","F",25,"btech",76,61.55,0
"870",870,"Student_870","F",20,"phd",63,73.69,1
"871",871,"Student_871","F",22,"btech",61,77.37,1
"872",872,"Student_872","F",23,"btech",70,67.62,1
"873",873,"Student_873","M",29,"btech",62,68.95,1
"874",874,"Student_874","M",20,"btech",51,63.39,1
"875",875,"Student_875","M",28,"btech",60,75.27,1
"876",876,"Student_876","F",21,"btech",76,68.21,1
"877",877,"Student_877","M",26,"btech",75,72.25,0
"878",878,"Student_878","F",26,"phd",51,77.02,0
"879",879,"Student_879","F",26,"btech",60,68.49,0
"880",880,"Student_880","M",29,"btech",61,73.08,1
"881",881,"Student_881","F",25,"btech",66,76.03,1
"882",882,"Student_882","F",22,"btech",57,65.45,1
"883",883,"Student_883","M",24,"btech",71,59.38,1
"884",884,"Student_884","F",26,"mtech",97,57.83,1
"885",885,"Student_885","M",25,"mtech",68,80.97,1
"886",886,"Student_886","F",20,"btech",66,80.78,1
"887",887,"Student_887","M",20,"btech",48,64.06,0
"888",888,"Student_888","F",23,"btech",62,67.21,1
"889",889,"Student_889","F",23,"btech",59,62.79,0
"890",890,"Student_890","F",23,"phd",59,65.69,1
"891",891,"Student_891","M",22,"mtech",82,70.51,1
"892",892,"Student_892","F",23,"btech",71,70.31,1
"893",893,"Student_893","M",23,"btech",60,61.47,1
"894",894,"Student_894","M",23,"btech",47,85.17,0
"895",895,"Student_895","F",22,"btech",49,57.62,1
"896",896,"Student_896","F",25,"mtech",60,70.85,0
"897",897,"Student_897","F",20,"btech",68,66.81,0
"898",898,"Student_898","M",21,"btech",49,78.82,1
"899",899,"Student_899","F",29,"btech",70,77.23,1
"900",900,"Student_900","F",21,"btech",60,69.35,1
"901",901,"Student_901","F",24,"phd",58,68.7,0
"902",902,"Student_902","M",21,"btech",40,70.83,0
"903",903,"Student_903","F",29,"mtech",64,71.55,0
"904",904,"Student_904","F",27,"phd",70,68.19,1
"905",905,"Student_905","F",23,"phd",53,73.72,1
"906",906,"Student_906","F",26,"btech",79,59.1,0
"907",907,"Student_907","F",23,"btech",71,47.99,0
"908",908,"Student_908","M",23,"btech",64,82.33,0
"909",909,"Student_909","F",29,"btech",71,79.68,1
"910",910,"Student_910","F",25,"mtech",62,71.48,0
"911",911,"Student_911","M",20,"mtech",57,83.56,1
"912",912,"Student_912","M",27,"btech",76,79.85,0
"913",913,"Student_913","F",22,"btech",69,57.01,1
"914",914,"Student_914","F",28,"btech",57,74.36,1
"915",915,"Student_915","M",20,"btech",66,69.51,1
"916",916,"Student_916","M",23,"mtech",67,61.7,1
"917",917,"Student_917","F",29,"mtech",63,72.4,1
"918",918,"Student_918","F",27,"mtech",74,83.47,1
"919",919,"Student_919","F",26,"btech",73,73.44,1
"920",920,"Student_920","M",29,"btech",54,72.37,1
"921",921,"Student_921","F",28,"btech",68,75.22,1
"922",922,"Student_922","F",22,"btech",73,74.4,1
"923",923,"Student_923","M",25,"btech",48,80.18,0
"924",924,"Student_924","M",26,"mtech",66,78.92,1
"925",925,"Student_925","F",25,"btech",77,74.67,1
"926",926,"Student_926","M",23,"btech",67,63.93,1
"927",927,"Student_927","F",23,"mtech",73,76.95,0
"928",928,"Student_928","M",24,"phd",56,58.65,1
"929",929,"Student_929","F",28,"mtech",54,80.43,0
"930",930,"Student_930","M",28,"btech",55,61.89,0
"931",931,"Student_931","F",23,"phd",53,93.79,0
"932",932,"Student_932","F",28,"btech",65,69.59,1
"933",933,"Student_933","M",24,"mtech",61,82.96,1
"934",934,"Student_934","M",20,"btech",60,65.65,1
"935",935,"Student_935","F",22,"btech",59,69.42,1
"936",936,"Student_936","M",25,"mtech",57,79.84,1
"937",937,"Student_937","M",23,"btech",63,74.79,1
"938",938,"Student_938","F",22,"btech",56,69.21,1
"939",939,"Student_939","M",29,"btech",61,77.98,1
"940",940,"Student_940","F",27,"btech",63,78.22,0
"941",941,"Student_941","F",28,"btech",84,68.75,1
"942",942,"Student_942","F",24,"btech",73,57.25,0
"943",943,"Student_943","F",21,"mtech",48,71.55,0
"944",944,"Student_944","F",23,"btech",70,61.86,1
"945",945,"Student_945","M",22,"mtech",59,52.23,0
"946",946,"Student_946","F",26,"btech",58,60.55,1
"947",947,"Student_947","F",21,"btech",68,80.2,1
"948",948,"Student_948","F",29,"btech",57,62.73,1
"949",949,"Student_949","F",28,"btech",57,82.14,0
"950",950,"Student_950","M",28,"btech",67,73.28,0
"951",951,"Student_951","F",26,"btech",58,84.51,1
"952",952,"Student_952","F",27,"btech",68,70.16,1
"953",953,"Student_953","M",25,"btech",67,67.45,1
"954",954,"Student_954","F",21,"btech",58,74.65,0
"955",955,"Student_955","M",23,"mtech",77,83.36,1
"956",956,"Student_956","F",22,"btech",61,74.66,1
"957",957,"Student_957","M",20,"mtech",54,68.33,1
"958",958,"Student_958","F",22,"phd",61,65.81,0
"959",959,"Student_959","F",20,"btech",66,72.56,0
"960",960,"Student_960","M",28,"mtech",79,60.08,1
"961",961,"Student_961","M",20,"btech",77,74.19,1
"962",962,"Student_962","M",23,"mtech",64,70.76,1
"963",963,"Student_963","M",21,"phd",72,77.02,0
"964",964,"Student_964","M",28,"btech",46,61.66,1
"965",965,"Student_965","F",26,"btech",65,69.16,1
"966",966,"Student_966","F",29,"btech",45,67.84,1
"967",967,"Student_967","F",29,"mtech",77,62.46,1
"968",968,"Student_968","M",27,"btech",73,80.01,0
"969",969,"Student_969","M",21,"btech",61,67.19,1
"970",970,"Student_970","F",26,"btech",54,64.29,1
"971",971,"Student_971","F",21,"btech",64,62.5,1
"972",972,"Student_972","F",28,"btech",48,59.7,0
"973",973,"Student_973","M",22,"mtech",72,54.65,1
"974",974,"Student_974","M",26,"btech",67,79.53,0
"975",975,"Student_975","F",22,"phd",66,64.5,0
"976",976,"Student_976","M",21,"btech",52,73.45,1
"977",977,"Student_977","F",29,"btech",72,79.41,0
"978",978,"Student_978","M",26,"phd",39,70.67,0
"979",979,"Student_979","M",22,"btech",89,64.52,0
"980",980,"Student_980","M",29,"btech",55,63.43,1
"981",981,"Student_981","M",29,"mtech",50,81.31,1
"982",982,"Student_982","F",27,"btech",74,63.78,0
"983",983,"Student_983","F",22,"btech",83,72.7,1
"984",984,"Student_984","M",25,"btech",55,66.96,1
"985",985,"Student_985","F",28,"phd",47,83.85,0
"986",986,"Student_986","M",28,"btech",72,83.64,1
"987",987,"Student_987","F",25,"btech",65,61.6,1
"988",988,"Student_988","F",29,"mtech",52,77.57,1
"989",989,"Student_989","M",27,"btech",65,61.52,1
"990",990,"Student_990","F",24,"phd",65,64.2,1
"991",991,"Student_991","F",23,"btech",60,68.66,1
"992",992,"Student_992","F",20,"btech",73,72.93,0
"993",993,"Student_993","F",22,"btech",62,54.24,0
"994",994,"Student_994","F",25,"btech",70,78.63,0
"995",995,"Student_995","F",29,"mtech",78,63.64,0
"996",996,"Student_996","F",29,"phd",48,70.9,0
"997",997,"Student_997","M",20,"mtech",64,60.1,1
"998",998,"Student_998","F",26,"btech",65,78.23,1
"999",999,"Student_999","F",27,"btech",62,61.29,1
"1000",1000,"Student_1000","F",29,"btech",59,79.03,1
